id,web_name,minutes,goals_scored,assists,expected_goals,expected_assists,xGI,expected_goals_conceded,defensive_contribution_per_90,starts,yellow_cards,red_cards,saves,penalties_missed,goals_conceded,own_goals,clean_sheets,GI,overperformance,highlight
1,Raya,1260,0,0,0.0,0.04,0.04,7.38,0.0,14,1,0,21,0,7,0,8,0,-0.04,False
5,Gabriel,990,1,2,0.82,0.69,1.51,6.17,9.09,11,1,0,0,0,5,0,7,3,1.49,False
6,Saliba,814,0,0,0.29,0.24,0.53,4.72,6.86,10,0,0,0,0,4,0,5,0,-0.53,False
7,Calafiori,1081,1,2,2.49,0.32,2.81,5.53,5.99,14,4,0,0,0,6,0,8,3,0.18999999999999995,False
8,J.Timber,1107,2,3,2.88,0.71,3.59,6.02,5.77,12,2,0,0,0,7,0,6,5,1.4100000000000001,False
16,Saka,890,4,1,3.31,2.94,6.25,5.36,7.89,10,0,0,0,0,5,0,5,5,-1.25,True
17,Ødegaard,324,0,1,0.16,0.93,1.09,2.98,7.78,5,0,0,0,0,1,0,2,1,-0.09000000000000008,False
18,Madueke,409,0,0,0.42,0.97,1.39,2.6,4.4,5,0,0,0,0,2,0,3,0,-1.39,False
19,Martinelli,330,1,0,0.95,0.11,1.06,2.76,5.18,4,0,0,0,0,1,0,2,1,-0.06000000000000005,False
20,Trossard,719,3,3,2.14,1.23,3.37,3.67,4.76,8,0,0,0,0,5,0,4,6,2.63,False
21,Rice,1155,2,5,1.52,2.96,4.48,6.58,9.74,13,1,0,0,0,7,0,7,7,2.5199999999999996,False
22,Merino,680,3,3,2.09,0.87,2.96,3.85,8.87,7,0,0,0,0,5,0,3,6,3.04,False
26,Zubimendi,1173,2,1,0.59,1.04,1.63,6.64,8.52,13,3,0,0,0,7,0,8,3,1.37,False
266,Eze,890,4,3,2.54,1.37,3.91,4.85,6.17,10,0,0,0,0,5,0,6,7,3.09,False
662,Mosquera,429,0,0,0.0,0.43,0.43,2.68,7.34,4,1,0,0,0,4,0,1,0,-0.43,False
666,Gyökeres,826,4,0,4.45,0.66,5.11,4.63,3.16,10,2,0,0,0,3,0,5,4,-1.1100000000000003,False
32,Martinez,990,0,0,0.0,0.03,0.03,12.69,0.0,11,1,0,27,0,8,0,4,0,-0.03,False
36,Cash,1236,2,1,0.34,1.34,1.68,18.07,6.04,14,3,0,0,0,13,0,5,3,1.32,False
37,Digne,972,0,3,0.35,1.48,1.83,13.48,4.63,12,2,0,0,0,8,0,5,3,1.17,False
38,Konsa,1145,0,0,0.31,0.19,0.5,17.47,5.97,13,0,1,0,0,13,0,5,0,-0.5,False
40,Mings,497,0,0,0.33,0.09,0.42,8.78,7.42,6,0,0,0,0,6,0,2,0,-0.42,False
41,Pau,867,0,0,0.22,0.2,0.42,12.32,7.06,9,0,0,0,0,10,1,3,0,-0.42,False
44,Bogarde,303,0,0,0.0,0.09,0.09,4.43,4.16,3,1,0,0,0,2,0,1,0,-0.09,False
47,Rogers,1246,3,3,0.99,1.3,2.29,18.91,6.14,14,2,0,0,0,14,0,5,6,3.71,False
48,Tielemans,511,0,1,0.3,0.84,1.14,9.24,8.98,6,0,0,0,0,6,0,2,1,-0.1399999999999999,False
50,Buendía,537,3,2,1.08,0.71,1.79,7.98,9.55,6,2,0,0,0,4,0,2,5,3.21,False
53,Malen,464,4,1,2.95,0.34,3.29,6.36,2.52,4,0,0,0,0,7,0,1,5,1.71,False
54,McGinn,1070,1,1,1.03,1.37,2.4,15.41,7.74,14,3,0,0,0,11,0,6,2,-0.3999999999999999,False
58,Kamara,890,1,2,0.19,0.53,0.71,12.07,9.0,11,3,0,0,0,9,0,4,3,2.29,False
59,Onana,590,2,0,0.43,0.13,0.56,9.42,13.12,7,2,0,0,0,7,0,3,2,1.44,False
64,Watkins,1054,3,0,3.82,0.64,4.46,16.0,3.16,12,0,0,0,0,12,0,5,3,-1.46,False
677,Guessand,505,0,2,0.97,0.37,1.34,8.37,8.55,6,0,0,0,0,9,0,1,2,0.6599999999999999,False
187,Walker,1260,0,1,0.12,0.52,0.64,29.63,7.79,14,4,0,0,0,28,0,2,1,0.36,False
190,Ekdal,623,0,0,0.15,0.2,0.35,11.88,11.12,7,0,0,0,0,13,0,1,0,-0.35,False
191,Estève,1252,0,0,0.19,0.35,0.54,29.52,10.57,14,0,0,0,0,28,2,2,0,-0.54,False
192,Hartman,1247,0,4,0.19,1.47,1.66,28.05,7.07,14,1,0,0,0,25,0,2,4,2.34,False
198,Tuanzebe,630,0,0,0.0,0.03,0.03,16.74,10.0,7,1,0,0,0,14,0,1,0,-0.03,False
200,Anthony,1029,4,2,2.49,1.21,3.7,23.61,7.61,13,3,0,0,0,22,0,3,6,2.3,False
202,Bruun Larsen,485,0,1,0.38,0.7,1.08,12.67,4.27,4,0,0,0,0,15,0,1,1,-0.08000000000000007,False
205,Cullen,1191,2,1,0.75,0.77,1.52,26.81,10.88,14,1,0,0,0,23,1,3,3,1.48,False
207,Hannibal,395,0,2,0.26,0.74,1.0,11.14,7.97,4,3,0,0,0,10,0,1,2,1.0,False
209,Laurent,578,0,0,0.16,0.18,0.34,15.6,8.1,6,1,0,0,0,18,0,0,0,-0.34,False
210,Tchaouna,629,1,1,0.45,0.29,0.74,11.82,5.58,8,1,0,0,0,8,0,2,2,1.26,False
215,Flemming,562,4,0,2.03,0.1,2.13,12.61,4.32,7,2,0,0,0,10,0,1,4,1.87,False
217,Foster,760,2,1,1.55,0.2,1.75,14.49,5.09,9,2,0,0,0,14,0,3,3,1.25,False
470,Dúbravka,1260,0,0,0.0,0.03,0.03,29.63,0.0,14,0,0,52,0,28,0,2,0,-0.03,False
676,Ugochukwu,708,2,1,0.97,0.11,1.08,17.36,7.25,8,0,1,0,0,15,0,2,3,1.92,False
722,Florentino,884,0,1,0.48,0.18,0.66,19.37,13.24,10,1,0,0,0,18,0,2,1,0.33999999999999997,False
67,Petrović,1260,0,0,0.0,0.0,0.0,18.42,0.0,14,1,0,40,0,24,0,4,0,0.0,False
72,Senesi,1157,0,3,0.18,2.27,2.45,16.7,12.45,13,5,0,0,0,23,0,4,3,0.5499999999999998,False
74,Truffert,1232,0,1,0.2,0.95,1.15,17.57,7.38,14,3,0,0,0,22,0,4,1,-0.1499999999999999,False
81,Kluivert,480,1,0,0.45,0.9,1.35,7.36,5.44,5,3,0,0,0,7,0,2,1,-0.3500000000000001,False
82,Semenyo,1170,6,4,4.99,1.11,6.1,17.77,8.0,13,3,0,0,1,22,0,4,10,3.9000000000000004,False
84,Tavernier,1066,3,1,2.67,1.71,4.38,13.98,7.68,12,1,0,0,0,20,0,5,4,-0.3799999999999999,False
85,Adams,1192,2,1,0.56,0.32,0.88,17.6,10.95,14,5,0,0,0,23,0,4,3,2.12,False
86,Brooks,628,0,1,1.41,1.81,3.22,7.58,7.31,8,5,0,0,0,10,0,3,1,-2.22,False
90,Scott,896,1,1,0.66,0.48,1.14,12.13,10.65,13,2,0,0,0,14,0,4,2,0.8600000000000001,False
97,Evanilson,919,1,3,3.0,0.54,3.54,10.09,4.02,10,1,0,0,0,17,0,3,4,0.45999999999999996,False
100,Kroupi.Jr,406,4,0,2.64,0.16,2.8,7.24,6.43,5,1,0,0,0,10,0,2,4,1.2000000000000002,False
685,Diakité,945,0,0,0.02,0.13,0.15,15.63,8.57,11,1,0,0,0,19,0,3,0,-0.15,False
697,Adli,368,1,0,0.94,0.23,1.17,6.68,12.72,3,0,0,0,0,8,0,0,1,-0.16999999999999993,False
713,A.Jimenez,544,0,0,0.17,0.21,0.38,9.6,6.12,6,4,0,0,0,11,0,1,0,-0.38,False
721,Milosavljević,365,0,0,0.15,0.19,0.34,4.35,9.62,4,0,0,0,0,6,0,1,0,-0.34,False
83,O.Dango,884,3,4,3.42,0.64,4.06,10.64,7.64,10,3,0,0,0,12,0,3,7,2.9400000000000004,False
101,Kelleher,1260,0,0,0.0,0.02,0.02,17.45,0.0,14,1,0,34,0,22,0,2,0,-0.02,False
106,Collins,1186,0,0,1.01,0.74,1.75,16.38,10.4,13,4,0,0,0,21,1,2,0,-1.75,False
107,Lewis-Potter,488,0,1,0.23,0.38,0.61,8.79,4.8,5,1,0,0,0,12,0,2,1,0.39,False
108,Ajer,557,0,2,0.43,0.52,0.95,6.87,8.08,6,0,0,0,0,9,0,1,2,1.05,False
110,Kayode,1222,0,1,0.17,1.55,1.72,17.16,6.11,14,1,0,0,0,21,0,2,1,-0.72,False
113,Van den Berg,1260,0,0,1.86,0.18,2.04,17.45,8.79,14,0,0,0,0,22,0,2,0,-2.04,False
116,Hickey,336,0,0,0.35,0.16,0.51,2.92,6.7,4,1,0,0,0,5,0,1,0,-0.51,False
120,Schade,1143,3,2,3.33,0.96,4.29,13.06,7.01,13,4,0,0,1,15,0,3,5,0.71,False
121,Damsgaard,913,1,1,0.7,1.86,2.56,12.67,8.97,11,0,0,0,0,14,0,2,2,-0.56,False
124,Henderson,1038,0,3,0.07,1.11,1.18,13.33,8.32,12,3,0,0,0,16,0,3,3,1.82,False
126,Jensen,368,2,0,0.55,0.28,0.83,5.3,9.54,4,0,0,0,0,8,0,0,2,1.17,False
129,Yarmoliuk,1042,0,1,0.34,0.45,0.79,14.48,10.54,13,2,0,0,0,18,0,2,1,0.20999999999999996,False
136,Thiago,1131,11,0,8.73,0.29,9.02,16.27,5.81,13,3,0,0,1,20,0,2,11,1.9800000000000004,False
139,Verbruggen,1260,0,0,0.0,0.01,0.01,18.23,0.0,14,2,0,37,0,20,1,3,0,-0.01,False
145,De Cuyper,629,2,0,1.2,1.21,2.41,10.51,3.72,7,1,0,0,0,12,0,1,2,-0.41000000000000014,False
146,Dunk,1215,0,1,0.56,0.1,0.66,17.37,6.74,13,3,0,0,0,19,0,3,1,0.33999999999999997,False
148,F.Kadıoğlu,980,0,0,0.54,0.84,1.38,14.02,5.42,10,3,0,0,0,15,0,3,0,-1.38,False
151,Van Hecke,1260,3,0,1.72,0.32,2.03,18.23,8.36,14,3,0,0,0,20,1,3,3,0.9700000000000002,False
152,Veltman,358,0,0,0.0,0.01,0.01,7.52,10.81,4,3,0,0,0,7,0,0,0,-0.01,False
157,Mitoma,508,1,1,0.76,0.29,1.05,7.99,3.9,6,1,0,0,0,8,0,1,2,0.95,False
158,Georginio,821,0,4,0.89,1.4,2.29,8.85,5.92,10,2,0,0,0,8,0,4,4,1.71,False
160,Minteh,1210,1,7,2.45,2.17,4.62,16.95,7.07,14,0,0,0,0,18,0,4,8,3.38,False
162,Gruda,301,1,1,1.65,0.53,2.18,5.57,9.27,3,1,0,0,0,6,0,0,2,-0.18000000000000016,False
166,Ayari,1051,1,0,1.08,0.59,1.67,13.1,9.93,11,0,0,0,0,13,0,3,1,-0.6699999999999999,False
167,Baleba,772,0,0,0.16,0.21,0.37,10.8,11.19,12,4,0,0,0,11,0,4,0,-0.37,False
169,Gomez,780,2,0,2.02,0.71,2.73,10.26,9.58,9,4,0,0,0,12,0,3,2,-0.73,False
173,Wieffer,909,0,4,0.37,1.12,1.49,11.6,14.95,10,4,0,0,0,13,0,3,4,2.51,False
178,Welbeck,886,7,0,5.48,0.56,6.04,12.27,4.16,10,2,0,0,1,15,0,3,7,0.96,False
220,Sánchez,1174,0,0,0.0,0.02,0.02,16.54,0.0,14,1,1,25,0,15,0,6,0,-0.02,False
224,Cucurella,1166,0,2,0.53,1.91,2.44,16.94,6.87,13,3,0,0,0,14,0,6,2,-0.43999999999999995,False
225,James,841,1,4,0.5,1.66,2.16,14.1,5.67,9,2,0,0,0,10,0,3,5,2.84,False
226,Chalobah,1110,3,1,0.87,0.63,1.5,13.79,8.35,13,2,1,0,0,14,0,6,4,2.5,False
228,Gusto,707,1,1,0.82,0.53,1.35,11.56,5.35,7,0,1,0,0,7,0,4,2,0.6499999999999999,False
230,Fofana,397,0,0,0.25,0.03,0.28,3.97,8.61,5,0,0,0,0,4,0,2,0,-0.28,False
232,Tosin,557,0,0,0.11,0.22,0.32,8.62,10.34,5,1,0,0,0,9,0,2,0,-0.32,False
236,Neto,1054,5,2,2.81,2.39,5.2,13.07,4.27,13,1,0,0,0,8,0,6,7,1.7999999999999998,False
237,Enzo,1150,4,2,5.61,2.17,7.78,15.79,6.65,13,2,0,0,0,15,0,5,6,-1.7800000000000002,False
238,Estêvão,427,1,3,1.95,1.82,3.77,3.0,7.38,6,3,0,0,0,4,0,2,4,0.22999999999999998,False
239,Gittens,398,0,2,0.7,0.92,1.62,6.61,4.97,4,0,0,0,0,4,0,1,2,0.3799999999999999,False
241,Caicedo,982,3,1,0.57,0.74,1.31,13.44,12.92,11,2,1,0,0,12,0,4,4,2.69,False
246,Andrey Santos,393,0,0,0.73,0.09,0.82,6.14,11.22,4,2,0,0,0,5,0,1,0,-0.82,False
249,João Pedro,1148,4,3,4.26,1.19,5.45,15.82,5.17,14,1,0,0,0,12,0,6,7,1.5499999999999998,False
250,Delap,315,0,0,0.68,0.08,0.76,3.0,2.86,5,0,0,0,0,4,0,2,0,-0.76,False
453,Garnacho,416,1,2,0.86,1.88,2.74,6.44,4.33,5,0,0,0,0,5,0,2,3,0.2599999999999998,False
253,Henderson,1260,0,0,0.0,0.06,0.06,16.81,0.0,14,1,0,33,0,11,0,7,0,-0.06,False
256,Muñoz,1260,3,3,1.78,1.99,3.77,16.81,7.21,14,4,0,0,0,11,0,7,6,2.23,False
257,Lacroix,1260,0,2,0.57,0.18,0.75,16.81,10.79,14,1,0,0,0,11,0,7,2,1.25,False
258,Mitchell,1254,1,0,0.39,0.82,1.21,16.81,7.61,14,2,0,0,0,11,0,7,1,-0.20999999999999996,False
260,Guéhi,1170,1,4,0.89,1.39,2.28,16.43,8.38,13,2,0,0,0,11,0,6,5,2.72,False
261,Richards,1252,0,0,0.43,1.08,1.51,16.81,10.35,14,0,0,0,0,11,0,7,0,-1.51,False
267,Sarr,919,3,1,3.85,0.52,4.36,13.13,6.37,11,1,0,0,0,6,0,6,4,-0.3600000000000003,False
270,Hughes,473,0,0,0.15,0.61,0.76,5.63,8.18,5,3,0,0,0,3,0,3,0,-0.76,False
271,Kamada,1010,0,2,0.85,1.32,2.17,13.25,9.71,12,0,0,0,0,9,0,6,2,-0.16999999999999993,False
272,Lerma,464,0,2,0.57,0.16,0.73,4.83,11.25,4,3,0,0,0,2,0,4,2,1.27,False
273,Wharton,938,0,2,0.44,2.21,2.65,13.24,9.5,12,1,0,0,0,10,0,5,2,-0.6499999999999999,False
283,Mateta,1171,7,0,9.76,0.71,10.47,13.4,4.77,14,2,0,0,0,9,0,7,7,-3.4700000000000006,False
712,Yeremy,749,1,0,1.69,2.04,3.73,9.7,7.21,10,3,0,0,0,6,0,5,1,-2.73,False
242,Dewsbury-Hall,1152,3,2,1.42,2.71,4.13,16.97,7.27,13,5,0,0,0,16,0,5,5,0.8700000000000001,False
287,Pickford,1260,0,0,0.0,0.08,0.08,19.9,0.0,14,0,0,40,0,17,0,5,0,-0.08,False
291,Tarkowski,1260,0,1,0.36,0.92,1.28,19.9,10.36,14,2,0,0,0,17,0,5,1,-0.28,False
292,Mykolenko,985,0,0,0.05,0.89,0.94,14.86,7.49,11,2,0,0,0,16,0,3,0,-0.94,False
293,O'Brien,1128,0,0,0.58,0.24,0.82,19.08,6.62,12,0,0,0,0,16,0,4,0,-0.82,False
295,Keane,1144,2,0,1.11,0.13,1.24,19.07,9.91,13,0,0,0,0,17,0,4,2,0.76,False
299,Ndiaye,1163,4,1,2.81,2.5,5.31,16.54,9.98,14,2,0,0,0,17,0,5,5,-0.3099999999999996,False
301,Alcaraz,368,0,1,0.52,0.11,0.63,7.27,7.83,3,3,0,0,0,5,0,1,1,0.37,False
302,Gana,961,2,0,1.07,0.62,1.69,13.9,9.46,12,0,1,0,0,11,0,3,2,0.31000000000000005,False
303,Garner,1260,1,2,1.02,1.59,2.61,19.9,10.36,14,4,0,0,0,17,0,5,3,0.3900000000000001,False
304,Iroegbunam,481,0,2,0.18,0.06,0.24,7.28,11.04,6,5,0,0,0,4,0,5,2,1.76,False
310,Barry,625,0,0,2.37,0.12,2.49,9.0,2.59,7,1,0,0,0,8,0,4,0,-2.49,False
311,Beto,628,1,0,3.86,0.12,3.98,11.07,5.3,7,1,0,0,0,9,0,1,1,-2.98,False
419,Grealish,1082,2,4,1.16,2.81,3.97,16.05,7.99,12,3,0,0,0,15,0,5,6,2.03,False
314,Leno,1260,0,0,0.0,0.0,0.0,17.97,0.0,14,3,0,35,0,22,0,3,0,0.0,False
317,Andersen,1121,0,0,0.54,1.0,1.54,14.51,11.24,13,0,0,0,0,19,0,3,0,-1.54,False
318,Bassey,1178,0,0,0.16,0.12,0.28,16.67,7.49,13,3,0,0,0,21,0,3,0,-0.28,False
319,Castagne,446,0,1,0.42,0.14,0.56,8.88,8.27,5,0,0,0,0,12,0,0,1,0.43999999999999995,False
322,Tete,945,1,0,0.23,0.54,0.77,13.2,8.48,11,1,0,0,0,13,0,3,1,0.22999999999999998,False
324,Iwobi,1163,2,2,0.67,1.77,2.44,16.78,6.58,14,2,0,0,0,21,0,3,4,1.56,False
325,Smith Rowe,337,2,0,1.43,0.31,1.74,5.82,4.81,2,0,0,0,0,7,0,0,2,0.26,False
328,Sessegnon,1106,2,2,0.85,0.85,1.7,16.26,10.66,13,0,0,0,0,21,0,3,4,2.3,False
329,Wilson,890,3,3,1.65,0.79,2.44,9.77,6.98,11,2,0,0,0,13,0,3,6,3.56,False
330,Berge,1228,0,1,0.6,0.51,1.11,17.54,8.14,14,2,0,0,0,22,1,3,1,-0.1100000000000001,False
332,Lukić,744,1,2,1.35,1.02,2.37,12.33,9.31,10,5,0,0,0,13,0,1,3,0.6299999999999999,False
335,King,805,0,1,1.1,0.4,1.5,10.92,6.6,11,2,0,0,0,12,0,3,1,-0.5,False
337,Raúl,702,2,2,2.57,0.32,2.89,9.64,5.38,9,2,0,0,0,11,0,2,4,1.1099999999999999,False
338,Muniz,348,1,1,0.94,0.01,0.95,5.66,4.91,4,1,0,0,0,4,1,1,2,1.05,False
731,Kevin,394,0,0,0.4,0.71,1.11,4.56,7.99,3,1,0,0,0,6,0,2,0,-1.11,False
341,Darlow,450,0,0,0.0,0.01,0.01,4.43,0.0,5,0,0,13,0,8,0,0,0,-0.01,False
342,Bogle,1224,0,2,0.66,0.55,1.21,18.96,5.66,14,3,0,0,0,25,0,2,2,0.79,False
343,Struijk,998,0,0,1.12,0.1,1.22,14.8,7.94,11,2,0,0,0,20,0,2,0,-1.22,False
344,Bijol,396,1,0,0.21,0.01,0.22,6.82,8.86,4,0,0,0,0,8,0,0,1,0.78,False
347,Gudmundsson,1112,0,0,0.43,1.17,1.6,16.04,7.85,13,1,0,0,0,22,1,2,0,-1.6,False
348,Rodon,1260,2,0,0.68,0.11,0.79,20.23,8.79,14,1,0,0,0,26,0,2,2,1.21,False
350,Aaronson,789,1,3,1.97,1.44,3.41,11.43,8.9,9,1,0,0,0,13,0,2,4,0.5899999999999999,False
353,James,348,0,0,0.71,0.56,1.27,8.79,4.66,4,0,0,0,0,12,0,1,0,-1.27,False
354,Ampadu,1057,0,0,0.55,0.3,0.85,16.62,12.01,12,4,0,0,0,21,0,1,0,-0.85,False
356,Gruev,324,0,0,0.0,0.22,0.22,7.22,9.17,3,1,0,0,0,9,0,1,0,-0.22,False
358,Tanaka,523,1,0,0.4,0.39,0.79,9.77,9.81,6,1,0,0,0,11,0,2,1,0.20999999999999996,False
365,Nmecha,489,4,0,4.41,0.3,4.71,9.45,4.6,5,0,0,0,1,12,0,1,4,-0.71,False
493,Longstaff,877,1,2,0.74,1.27,2.01,11.28,9.65,10,1,0,0,0,15,0,1,3,0.9900000000000002,False
660,Stach,910,1,4,1.21,0.96,2.17,13.28,8.8,11,2,0,0,0,19,0,2,5,2.83,False
665,Perri,810,0,0,0.0,0.0,0.0,15.8,0.0,9,1,0,21,0,18,0,2,0,0.0,False
691,Calvert-Lewin,763,3,1,3.6,0.48,4.08,9.4,3.42,8,0,0,0,0,12,0,2,4,-0.08000000000000007,False
698,Okafor,625,2,2,1.71,0.55,2.26,10.71,7.63,8,2,0,0,0,14,0,1,4,1.7400000000000002,False
366,A.Becker,810,0,0,0.0,0.01,0.01,9.15,0.0,9,0,0,17,0,11,0,3,0,-0.01,False
367,Mamardashvili,450,0,0,0.0,0.0,0.0,7.1,0.0,5,0,0,17,0,10,0,1,0,0.0,False
371,Kerkez,849,1,0,0.89,0.31,1.2,11.33,6.36,11,3,0,0,0,14,0,2,1,-0.19999999999999996,False
372,Robertson,403,0,0,0.21,0.69,0.89,4.93,5.81,3,0,0,0,0,7,0,1,0,-0.89,False
373,Virgil,1260,0,0,0.57,0.28,0.85,16.25,10.64,14,2,0,0,0,21,0,4,0,-0.85,False
374,Konaté,1156,0,0,0.76,0.37,1.13,13.68,9.42,14,2,0,0,0,18,0,4,0,-1.13,False
375,Bradley,529,0,1,0.07,0.53,0.6,8.06,5.44,7,4,0,0,0,11,0,1,1,0.4,False
381,M.Salah,1119,4,2,3.98,1.9,5.88,15.37,3.3,12,1,0,0,0,21,0,3,6,0.1200000000000001,False
382,Wirtz,850,0,1,2.04,1.48,3.51,11.52,6.04,9,1,0,0,0,13,0,3,1,-2.51,False
384,Gakpo,1054,4,3,3.87,2.66,6.53,12.18,5.38,12,0,0,0,0,17,0,4,7,0.46999999999999975,False
386,Mac Allister,890,0,2,1.32,0.62,1.94,9.87,7.79,12,1,0,0,0,12,0,3,2,0.06000000000000005,False
387,Szoboszlai,1260,1,1,1.52,1.86,3.38,16.25,10.71,14,4,0,0,0,21,0,4,2,-1.38,False
388,C.Jones,455,0,1,0.41,1.11,1.52,7.86,11.27,3,1,0,0,0,12,0,0,1,-0.52,False
390,Gravenberch,1051,3,2,0.6,0.71,1.31,11.16,8.73,12,3,0,0,0,15,0,4,5,3.69,False
499,Isak,469,1,1,1.93,0.07,2.0,4.61,3.84,6,0,0,0,0,6,0,1,2,0.0,False
661,Ekitiké,703,3,1,2.45,0.34,2.79,10.52,4.74,8,0,0,0,0,11,0,3,4,1.21,False
403,Gvardiol,879,1,1,0.94,0.51,1.45,10.64,6.25,10,1,0,0,0,12,0,3,2,0.55,False
407,Matheus N.,963,1,3,0.23,0.79,1.02,10.99,7.2,10,2,0,0,0,13,0,3,4,2.98,False
409,Stones,351,0,0,0.0,0.06,0.06,5.05,4.87,4,0,0,0,0,8,0,1,0,-0.06,False
408,Rúben,1175,1,0,0.24,0.34,0.58,14.23,6.89,13,0,0,0,0,15,0,5,1,0.42000000000000004,False
411,O’Reilly,953,1,3,1.86,1.06,2.92,12.19,7.37,10,2,0,0,0,11,0,5,4,1.08,False
414,Foden,977,5,1,2.9,2.22,5.12,11.33,7.0,11,3,0,0,0,11,0,5,6,0.8799999999999999,False
415,Savinho,428,0,1,0.32,1.03,1.35,5.41,7.15,4,1,0,0,0,5,0,2,1,-0.3500000000000001,False
416,Bernardo,894,0,2,0.23,1.43,1.66,11.09,8.15,10,4,0,0,0,12,0,3,2,0.3400000000000001,False
417,Cherki,312,1,4,0.85,1.36,2.21,4.36,7.5,4,1,0,0,0,5,0,0,5,2.79,False
418,Doku,845,1,6,1.31,3.39,4.7,9.73,5.75,10,0,0,0,0,9,0,4,7,2.3,False
423,N.Gonzalez,887,1,0,0.41,0.53,0.94,10.83,11.57,9,3,0,0,0,11,0,4,1,0.06000000000000005,False
424,Bobb,464,0,1,0.4,1.15,1.55,5.1,5.62,5,1,0,0,0,5,0,2,1,-0.55,False
427,Reijnders,925,2,2,2.31,1.38,3.69,11.1,5.55,11,2,0,0,0,13,0,3,4,0.31000000000000005,False
430,Haaland,1214,15,3,13.61,1.01,14.62,14.92,3.41,14,0,0,0,1,15,0,6,18,3.380000000000001,True
736,Donnarumma,990,0,0,0.0,0.0,0.0,11.45,0.0,11,4,0,20,0,12,0,4,0,0.0,False
119,Mbeumo,1225,5,1,3.77,2.85,6.62,18.8,4.33,14,2,0,0,0,20,0,2,6,-0.6200000000000001,False
431,Bayindir,540,0,0,0.0,0.05,0.05,9.24,0.0,6,0,0,13,0,11,0,0,0,-0.05,False
436,De Ligt,1170,1,0,1.38,0.83,2.21,18.73,8.23,13,0,0,0,0,20,0,1,1,-1.21,False
438,Mazraoui,371,0,0,0.0,0.2,0.2,3.59,8.49,5,1,0,0,0,4,0,1,0,-0.2,False
440,Dalot,781,1,2,0.44,0.95,1.39,13.62,5.88,9,0,0,0,0,15,0,2,3,1.61,False
441,Dorgu,702,0,1,0.72,0.78,1.5,12.16,6.67,7,4,0,0,0,13,0,1,1,-0.5,False
442,Maguire,341,1,1,0.32,0.02,0.34,6.7,6.07,4,0,0,0,0,4,0,2,2,1.66,False
443,Shaw,1191,0,1,0.08,0.61,0.69,18.18,5.29,14,2,0,0,0,18,0,2,1,0.31000000000000005,False
444,Yoro,826,0,1,0.29,0.13,0.42,12.53,7.08,9,0,0,0,0,17,0,1,1,0.5800000000000001,False
449,B.Fernandes,1250,2,5,5.52,2.68,8.2,19.08,10.8,14,2,0,0,2,21,0,1,7,-1.1999999999999993,False
450,Cunha,759,1,0,1.85,0.98,2.83,12.12,7.23,9,0,0,0,0,10,0,2,1,-1.83,False
452,Amad,1023,1,3,2.24,2.26,4.5,13.12,8.45,12,1,0,0,0,13,0,2,4,-0.5,False
455,Mount,496,2,0,0.72,0.93,1.65,6.76,6.71,6,0,0,0,0,7,0,3,2,0.3500000000000001,False
457,Casemiro,854,3,3,2.04,0.53,2.57,10.69,11.7,12,4,1,0,0,9,0,3,6,3.43,False
459,Ugarte,312,0,0,0.05,0.04,0.09,8.51,15.0,2,0,0,0,0,12,0,0,0,-0.09,False
466,Zirkzee,339,1,0,1.6,0.12,1.72,4.27,6.64,3,0,0,0,0,6,0,1,1,-0.72,False
681,Šeško,616,2,1,1.97,0.16,2.13,10.8,3.94,6,1,0,0,0,13,0,1,3,0.8700000000000001,False
733,Lammens,720,0,0,0.0,0.0,0.0,10.26,0.0,8,0,0,17,0,10,0,1,0,0.0,False
469,Pope,1066,0,1,0.0,0.0,0.0,12.48,0.0,12,1,0,39,0,13,0,5,1,1.0,False
473,Hall,401,0,1,0.19,0.69,0.88,6.82,8.08,4,0,0,0,0,7,0,1,1,0.12,False
474,Schär,516,0,0,0.1,0.16,0.26,6.07,10.81,5,0,0,0,0,5,0,3,0,-0.26,False
475,Botman,655,0,0,0.13,0.25,0.38,9.01,9.07,8,0,0,0,0,10,1,3,0,-0.38,False
476,Burn,1152,0,3,0.12,0.28,0.4,11.73,8.59,13,3,1,0,0,17,0,5,3,2.6,False
477,Livramento,796,0,1,0.12,0.42,0.54,8.51,5.31,9,0,0,0,0,7,0,5,1,0.45999999999999996,False
478,Trippier,699,0,0,0.0,0.9,0.9,7.51,3.99,8,1,0,0,0,10,0,4,0,-0.9,False
485,Gordon,486,1,0,2.13,0.79,2.92,4.99,4.26,7,0,1,0,0,9,0,3,1,-1.92,False
486,Elanga,510,0,1,0.85,0.44,1.29,6.99,3.53,5,0,0,0,0,12,0,2,1,-0.29000000000000004,False
487,Barnes,683,3,0,3.0,1.43,4.43,7.56,4.48,7,0,0,0,0,8,0,3,3,-1.4299999999999997,False
488,Bruno G.,1119,4,4,2.06,1.11,3.17,14.43,9.01,12,3,0,0,0,18,0,4,8,4.83,False
489,J.Murphy,721,2,1,2.41,1.45,3.86,8.99,3.74,9,0,0,0,0,6,0,5,3,-0.8599999999999999,False
490,Joelinton,919,0,0,0.69,0.5,1.19,11.26,10.18,12,3,0,0,0,12,0,3,0,-1.19,False
491,Tonali,1005,0,1,0.45,1.33,1.78,11.04,8.69,12,0,0,0,0,10,0,5,1,-0.78,False
497,L.Miley,453,1,2,0.41,0.86,1.27,4.93,8.34,4,0,0,0,0,5,0,1,3,1.73,False
684,Thiaw,902,2,0,1.22,0.35,1.57,14.19,8.58,10,1,0,0,0,16,0,2,2,0.42999999999999994,False
714,Woltemade,876,5,2,4.49,0.42,4.91,12.05,4.83,11,0,0,0,0,12,0,4,7,2.09,False
502,Sels,1260,0,0,0.0,0.06,0.06,20.62,0.0,14,1,0,44,0,22,0,2,0,-0.06,False
505,Milenković,1260,0,0,0.59,0.24,0.83,20.62,7.43,14,2,0,0,0,22,0,2,0,-0.83,False
506,Murillo,739,1,0,0.25,0.24,0.49,11.71,9.62,9,2,0,0,0,13,0,1,1,0.51,False
508,N.Williams,1260,1,1,0.97,0.88,1.85,20.62,6.93,14,4,0,0,0,22,0,2,2,0.1499999999999999,False
511,Morato,618,0,0,0.03,0.06,0.09,9.57,8.59,7,3,0,0,0,11,0,1,0,-0.09,False
515,Gibbs-White,1170,3,1,3.02,1.19,4.21,19.84,4.77,13,0,0,0,0,19,0,2,4,-0.20999999999999996,False
516,Hudson-Odoi,639,1,0,0.61,1.2,1.81,11.75,5.49,6,0,0,0,0,13,0,0,1,-0.81,False
517,Anderson,1260,1,2,1.75,1.66,3.41,20.62,12.86,14,3,0,0,0,22,0,2,3,-0.41000000000000014,False
521,Sangaré,729,1,0,0.65,0.19,0.84,11.99,10.62,9,2,0,0,0,11,0,2,1,0.16000000000000003,False
525,Wood,538,2,0,2.81,0.11,2.92,7.84,2.34,7,0,0,0,0,8,0,1,2,-0.9199999999999999,False
526,Igor Jesus,575,1,1,2.36,0.15,2.51,11.27,5.48,6,0,0,0,0,12,0,2,2,-0.5099999999999998,False
669,Ndoye,951,1,2,0.78,1.22,2.0,13.4,7.0,13,1,0,0,0,14,0,2,3,1.0,False
716,Savona,699,2,0,1.26,0.18,1.44,11.2,5.41,7,0,0,0,0,12,0,2,2,0.56,False
531,Ballard,849,2,1,1.04,0.37,1.41,12.05,11.34,9,1,0,0,0,9,0,2,3,1.59,False
532,Hume,1184,0,1,0.51,0.65,1.16,16.55,6.39,13,3,0,0,0,12,0,4,1,-0.15999999999999992,False
541,Reinildo,932,0,1,0.1,0.07,0.17,13.76,7.92,11,3,1,0,0,12,0,2,1,0.83,False
544,Diarra,345,0,1,0.5,0.08,0.58,3.87,3.91,4,1,0,0,0,2,0,2,1,0.42000000000000004,False
547,E.Le Fée,945,2,3,1.86,0.9,2.76,13.8,9.62,11,2,0,0,0,11,0,3,5,2.24,False
552,Sadiki,1253,0,0,0.18,0.73,0.91,17.99,7.47,14,4,0,0,0,14,0,4,0,-0.91,False
553,Talbi,765,2,2,1.19,0.35,1.53,11.89,5.41,8,0,0,0,0,7,0,4,4,2.4699999999999998,False
560,Isidor,823,4,0,2.78,0.05,2.83,12.37,2.73,10,0,0,0,0,11,0,4,4,1.17,False
668,Xhaka,1260,1,4,0.37,1.29,1.66,18.57,11.43,14,4,0,0,0,14,0,4,5,3.34,False
670,Roefs,1260,0,0,0.0,0.03,0.03,18.57,0.0,14,2,0,51,0,14,0,4,0,-0.03,False
683,Alderete,847,1,1,0.66,0.54,1.2,12.41,9.99,9,2,0,0,0,9,0,3,2,0.8,False
694,Mukiele,1080,1,1,0.56,0.83,1.39,17.01,10.25,12,2,0,0,0,12,1,3,2,0.6100000000000001,False
724,Geertruida,442,0,0,0.33,0.3,0.63,8.61,6.92,4,0,0,0,0,6,0,0,0,-0.63,False
735,Traoré,483,1,1,0.48,0.22,0.7,7.88,6.52,7,1,0,0,0,7,0,2,2,1.3,False
565,Vicario,1260,0,0,0.0,0.01,0.01,19.41,0.0,14,0,0,43,0,18,0,4,0,-0.01,False
568,Pedro Porro,1055,0,2,0.18,1.7,1.88,14.9,6.65,12,2,0,0,0,12,0,4,2,0.1200000000000001,False
569,Romero,927,2,1,0.73,0.26,0.99,14.74,8.74,10,6,0,0,0,12,0,3,3,2.01,False
570,Danso,482,0,0,0.0,0.09,0.09,7.78,12.51,6,3,0,0,0,10,0,1,0,-0.09,False
573,Spence,835,0,0,0.18,0.22,0.4,13.42,4.74,10,2,0,0,0,11,0,4,0,-0.4,False
574,Udogie,605,0,1,0.1,0.32,0.42,10.36,4.46,6,1,0,0,0,13,0,0,1,0.5800000000000001,False
575,Van de Ven,1159,3,0,1.91,0.27,2.18,17.37,6.06,13,3,0,0,0,16,0,4,3,0.8199999999999998,False
580,Johnson,555,2,0,0.96,0.28,1.24,9.46,6.49,6,2,0,0,0,4,0,3,2,0.76,False
582,Kudus,1128,2,6,1.56,1.84,3.4,18.09,7.42,13,3,0,0,0,16,0,4,8,4.6,False
585,Bentancur,840,1,1,0.34,0.56,0.9,14.13,12.11,10,3,0,0,0,14,0,2,2,1.1,False
586,Bergvall,561,1,2,0.92,0.28,1.2,6.51,8.34,7,1,0,0,0,6,0,2,3,1.8,False
588,Odobert,474,0,1,0.79,0.63,1.42,6.09,5.89,4,0,0,0,0,9,0,0,1,-0.41999999999999993,False
593,P.M.Sarr,693,2,2,0.74,0.45,1.19,12.49,10.52,7,0,0,0,0,7,0,3,4,2.81,False
597,Richarlison,793,5,2,2.29,0.64,2.93,12.35,6.36,8,3,0,0,0,14,0,2,7,4.07,False
673,J.Palhinha,1010,2,2,0.66,0.38,1.04,15.88,11.76,12,3,0,0,0,15,0,3,4,2.96,False
717,Xavi,618,0,1,0.53,0.7,1.23,9.66,8.16,6,2,0,0,0,9,0,2,1,-0.22999999999999998,False
726,Kolo Muani,379,0,0,0.53,0.11,0.64,6.22,5.46,5,1,0,0,0,6,0,1,0,-0.64,False
600,Areola,900,0,1,0.0,0.0,0.0,18.04,0.0,10,0,0,40,0,17,0,0,1,1.0,False
603,Diouf,1215,0,4,0.26,0.81,1.07,22.01,7.19,13,2,0,0,0,27,0,1,4,2.9299999999999997,False
605,Kilman,1083,0,0,0.53,0.21,0.74,21.06,9.06,12,3,0,0,0,25,0,1,0,-0.74,False
606,Mavropanos,675,0,0,0.42,0.06,0.48,11.13,10.67,7,1,0,0,0,12,0,1,0,-0.48,False
609,Todibo,756,0,1,0.05,0.23,0.28,14.49,8.93,9,2,0,0,0,17,0,0,1,0.72,False
610,Wan-Bissaka,831,0,1,0.0,0.42,0.42,16.78,8.01,9,2,0,0,0,21,0,0,1,0.5800000000000001,False
612,L.Paquetá,1042,3,1,1.88,1.27,3.15,16.49,9.41,12,5,1,0,0,24,0,1,4,0.8500000000000001,False
613,Souček,544,2,1,2.28,0.03,2.31,13.0,10.09,6,0,1,0,0,18,0,1,3,0.69,False
614,Ward-Prowse,414,0,0,0.13,0.91,1.04,7.27,4.78,5,0,0,0,0,11,0,1,0,-1.04,False
615,Summerville,639,0,3,0.84,0.46,1.3,11.03,8.31,8,3,0,0,0,13,0,0,3,1.7,False
623,Potts,541,0,0,0.03,0.18,0.21,9.19,10.15,5,0,0,0,0,9,0,0,0,-0.21,False
624,Bowen,1260,3,2,1.93,1.32,3.25,23.48,6.29,14,0,0,0,0,28,0,1,5,1.75,False
625,Füllkrug,407,0,0,0.93,0.21,1.14,8.59,4.2,5,0,0,0,0,11,0,1,0,-1.14,False
659,Walker-Peters,510,1,0,1.1,0.07,1.17,11.11,5.47,5,1,0,0,0,10,0,1,1,-0.16999999999999993,False
671,Wilson,579,4,0,2.7,0.1,2.8,7.84,2.95,6,0,0,0,0,9,0,1,4,1.2000000000000002,False
708,M.Fernandes,895,1,1,0.63,0.9,1.53,14.5,9.25,11,1,0,0,0,15,0,1,2,0.47,False
679,Hermansen,360,0,0,0.0,0.01,0.01,5.44,0.0,4,0,0,9,0,11,0,1,0,-0.01,False
718,S.Magassa,346,1,0,0.28,0.03,0.31,6.28,12.23,4,2,0,0,0,6,0,0,1,0.69,False
627,Johnstone,900,0,0,0.0,0.02,0.02,13.36,0.0,10,0,0,33,0,18,0,0,0,-0.02,False
628,José Sá,360,0,0,0.0,0.03,0.03,6.17,0.0,4,0,0,5,0,11,0,0,0,-0.03,False
631,Agbadou,830,0,0,0.48,0.33,0.81,11.67,9.87,9,0,1,0,0,21,0,0,0,-0.81,False
633,H.Bueno,807,0,0,0.2,1.17,1.37,12.67,6.91,8,1,0,0,0,16,0,1,0,-1.37,False
634,Mosquera,338,0,0,0.1,0.01,0.11,4.55,5.59,4,3,0,0,0,8,1,0,0,-0.11,False
635,R.Gomes,331,1,0,0.95,0.22,1.17,4.3,4.89,4,0,0,0,0,9,0,0,1,-0.16999999999999993,False
636,S.Bueno,664,1,1,0.8,0.46,1.26,11.19,9.35,7,2,0,0,0,16,0,0,2,0.74,False
637,Toti,795,0,0,0.04,0.2,0.24,13.83,7.25,10,1,1,0,0,21,0,0,0,-0.24,False
644,Bellegarde,632,0,0,0.46,0.56,1.02,9.63,7.12,8,1,0,0,0,18,0,1,0,-1.02,False
646,Gomes,1099,0,0,0.63,0.5,1.13,18.05,11.87,12,5,0,0,0,24,0,1,0,-1.13,False
648,Munetsi,872,1,2,1.64,0.38,2.02,13.36,8.26,9,2,0,0,0,19,0,0,3,0.98,False
663,J.Arias,727,0,0,2.78,0.43,3.21,8.78,9.78,9,1,0,0,0,12,0,1,0,-3.21,False
682,Møller Wolfe,402,0,1,0.05,0.73,0.78,6.45,4.7,5,1,0,0,0,10,0,0,1,0.21999999999999997,False
233,Acheampong,348,1,0,0.6,0.04,0.64,7.53,6.21,4,0,0,0,0,5,0,2,1,0.36,False
695,Tchatchoua,777,0,0,0.26,0.68,0.94,12.19,6.37,7,0,0,0,0,19,0,0,0,-0.94,False
709,Krejčí,794,1,1,1.56,1.02,2.58,12.01,7.37,9,1,0,0,0,19,1,0,2,-0.5800000000000001,False
642,Hee Chan,413,1,0,0.76,0.23,0.99,7.77,4.14,5,0,0,0,0,9,0,0,1,0.010000000000000009,False
643,André,973,0,0,0.04,0.33,0.37,16.59,13.23,11,4,0,0,0,20,0,0,0,-0.37,False
654,Strand Larsen,977,1,0,1.73,0.41,2.14,14.35,2.95,11,0,0,0,0,20,0,2,1,-1.1400000000000001,False
